Workbook
Name Slicer_Representative: #N/A

Sheet pivot sheet
A3: call count | B3: total amount | C3: total duration | D3: Average Rating | E3: 5*calls
A4: 1000 | B4: 96623 | C4: 89850 | D4: 3.8854 | E4: 307
A8: call count | B8: total amount | C8: total duration | D8: Average Rating | E8: 5*calls
A9: 200 | B9: 20104 | C9: 18209 | D9: 3.8825 | E9: 51
A14: Row Labels | B14: call count | C14: call count2 | E14: Row Labels | F14: call count2
A15: Jan | B15: 21 | C15: 21 | E15: Saturday | F15: 38
A16: Feb | B16: 18 | C16: 18 | E16: Friday | F16: 32
A17: Mar | B17: 31 | C17: 31 | E17: Thursday | F17: 27
A18: Apr | B18: 20 | C18: 20 | E18: Wednesday | F18: 27
A19: May | B19: 8 | C19: 8 | E19: Tuesday | F19: 27
A20: Jun | B20: 12 | C20: 12 | E20: Monday | F20: 22
A21: Jul | B21: 12 | C21: 12 | E21: Sunday | F21: 27
A22: Aug | B22: 7 | C22: 7 | E22: Grand Total | F22: 200
A23: Sep | B23: 20 | C23: 20
A24: Oct | B24: 24 | C24: 24
A25: Nov | B25: 12 | C25: 12
A26: Dec | B26: 15 | C26: 15
A27: Grand Total | B27: 200 | C27: 200
H30: selected | I30: =A42 -> R05
E32: for graph
A33: Row Labels | B33: call count | C33: total amount | E33: reps | F33: calls | G33: amount | H33: sel.call | I33: sel.amt
A34: R01 | B34: 189 | C34: 18415 | E34: =A34 -> R01 | F34: =B34 -> 189 | G34: =C34 -> 18415 | H34: =IF(E34=$I$30,F34,NA()) -> #N/A | I34: =IF(E34=$I$30,G34,NA()) -> #N/A
A35: R02 | B35: 218 | C35: 20581 | E35: =A35 -> R02 | F35: =B35 -> 218 | G35: =C35 -> 20581 | H35: =IF(E35=$I$30,F35,NA()) -> #N/A | I35: =IF(E35=$I$30,G35,NA()) -> #N/A
A36: R03 | B36: 207 | C36: 20872 | E36: =A36 -> R03 | F36: =B36 -> 207 | G36: =C36 -> 20872 | H36: =IF(E36=$I$30,F36,NA()) -> #N/A | I36: =IF(E36=$I$30,G36,NA()) -> #N/A
A37: R04 | B37: 186 | C37: 16651 | E37: =A37 -> R04 | F37: =B37 -> 186 | G37: =C37 -> 16651 | H37: =IF(E37=$I$30,F37,NA()) -> #N/A | I37: =IF(E37=$I$30,G37,NA()) -> #N/A
A38: R05 | B38: 200 | C38: 20104 | E38: =A38 -> R05 | F38: =B38 -> 200 | G38: =C38 -> 20104 | H38: =IF(E38=$I$30,F38,NA()) -> 200 | I38: =IF(E38=$I$30,G38,NA()) -> 20104
A39: Grand Total | B39: 1000 | C39: 96623
A41: Row Labels
A42: R05
A46: call count | B46: Column Labels
A47: Row Labels | B47: Female | C47: Male | D47: Grand Total
A48: Cincinnati | B48: 144 | C48: 132 | D48: 276
A49: Cleveland | B49: 326 | C49: 63 | D49: 389
A50: Columbus | B50: 129 | C50: 206 | D50: 335
A51: Grand Total | B51: 599 | C51: 401 | D51: 1000
A56: Row Labels | B56: call count
A57: 2 | B57: 10
A58: 3 | B58: 44
A59: 4 | B59: 95
A60: 5 | B60: 51
A61: Grand Total | B61: 200
A66: total amount | B66: Column Labels
A67: Row Labels | B67: R01 | C67: R02 | D67: R03 | E67: R04 | F67: R05 | G67: Grand Total
A68: Cincinnati
A69: C0003 | B69: 891 | C69: 1332 | D69: 1282 | E69: 739 | F69: 560 | G69: 4804
A70: C0004 | B70: 1991 | C70: 1886 | D70: 1206 | E70: 884 | F70: 1722 | G70: 7689
A71: C0011 | B71: 1163 | C71: 1180 | D71: 1616 | E71: 1043 | F71: 1747 | G71: 6749
A72: C0012 | B72: 1438 | C72: 1616 | D72: 866 | E72: 829 | F72: 2070 | G72: 6819
A73: Cleveland
A74: C0002 | B74: 1233 | C74: 223 | D74: 1680 | E74: 990 | F74: 1508 | G74: 5634
A75: C0007 | B75: 1598 | C75: 1907 | D75: 869 | E75: 1426 | F75: 1416 | G75: 7216
A76: C0008 | B76: 900 | C76: 1016 | D76: 960 | E76: 940 | F76: 1193 | G76: 5009
A77: C0010 | B77: 900 | C77: 1470 | D77: 1617 | E77: 1314 | F77: 941 | G77: 6242
A78: C0013 | B78: 1255 | C78: 516 | D78: 1874 | E78: 1863 | F78: 1722 | G78: 7230
A79: C0015 | B79: 1138 | C79: 1898 | D79: 1482 | E79: 846 | F79: 1154 | G79: 6518
A80: Columbus
A81: C0001 | B81: 1655 | C81: 805 | D81: 2263 | E81: 987 | F81: 1075 | G81: 6785
A82: C0005 | B82: 1104 | C82: 2280 | D82: 1445 | E82: 1722 | F82: 1196 | G82: 7747
A83: C0006 | B83: 372 | C83: 1818 | D83: 1346 | E83: 1156 | F83: 1484 | G83: 6176
A84: C0009 | B84: 1415 | C84: 1271 | D84: 1214 | E84: 1135 | F84: 1566 | G84: 6601
A85: C0014 | B85: 1362 | C85: 1363 | D85: 1152 | E85: 777 | F85: 750 | G85: 5404

Sheet customer report analysis
U24: ='pivot sheet'!B67 -> R01 | V24: ='pivot sheet'!C67 -> R02 | W24: ='pivot sheet'!D67 -> R03 | X24: ='pivot sheet'!E67 -> R04 | Y24: ='pivot sheet'!F67 -> R05 | Z24: ='pivot sheet'!G67 -> Grand Total
T25: ='pivot sheet'!A68 -> Cincinnati
T26: ='pivot sheet'!A69 -> C0003 | U26: ='pivot sheet'!B69 -> 891 | V26: ='pivot sheet'!C69 -> 1332 | W26: ='pivot sheet'!D69 -> 1282 | X26: ='pivot sheet'!E69 -> 739 | Y26: ='pivot sheet'!F69 -> 560 | Z26: ='pivot sheet'!G69 -> 4804
T27: ='pivot sheet'!A70 -> C0004 | U27: ='pivot sheet'!B70 -> 1991 | V27: ='pivot sheet'!C70 -> 1886 | W27: ='pivot sheet'!D70 -> 1206 | X27: ='pivot sheet'!E70 -> 884 | Y27: ='pivot sheet'!F70 -> 1722 | Z27: ='pivot sheet'!G70 -> 7689
T28: ='pivot sheet'!A71 -> C0011 | U28: ='pivot sheet'!B71 -> 1163 | V28: ='pivot sheet'!C71 -> 1180 | X28: ='pivot sheet'!E71 -> 1043 | Y28: ='pivot sheet'!F71 -> 1747 | Z28: ='pivot sheet'!G71 -> 6749
T29: ='pivot sheet'!A72 -> C0012 | U29: ='pivot sheet'!B72 -> 1438 | V29: ='pivot sheet'!C72 -> 1616 | W29: ='pivot sheet'!D72 -> 866 | X29: ='pivot sheet'!E72 -> 829 | Y29: ='pivot sheet'!F72 -> 2070 | Z29: ='pivot sheet'!G72 -> 6819
T30: ='pivot sheet'!A73 -> Cleveland
T31: ='pivot sheet'!A74 -> C0002 | U31: ='pivot sheet'!B74 -> 1233 | V31: ='pivot sheet'!C74 -> 223 | W31: ='pivot sheet'!D74 -> 1680 | X31: ='pivot sheet'!E74 -> 990 | Y31: ='pivot sheet'!F74 -> 1508 | Z31: ='pivot sheet'!G74 -> 5634
T32: ='pivot sheet'!A75 -> C0007 | U32: ='pivot sheet'!B75 -> 1598 | V32: ='pivot sheet'!C75 -> 1907 | W32: ='pivot sheet'!D75 -> 869 | X32: ='pivot sheet'!E75 -> 1426 | Y32: ='pivot sheet'!F75 -> 1416 | Z32: ='pivot sheet'!G75 -> 7216
T33: ='pivot sheet'!A76 -> C0008 | U33: ='pivot sheet'!B76 -> 900 | V33: ='pivot sheet'!C76 -> 1016 | W33: ='pivot sheet'!D76 -> 960 | X33: ='pivot sheet'!E76 -> 940 | Y33: ='pivot sheet'!F76 -> 1193 | Z33: ='pivot sheet'!G76 -> 5009
T34: ='pivot sheet'!A77 -> C0010 | U34: ='pivot sheet'!B77 -> 900 | V34: ='pivot sheet'!C77 -> 1470 | W34: ='pivot sheet'!D77 -> 1617 | X34: ='pivot sheet'!E77 -> 1314 | Y34: ='pivot sheet'!F77 -> 941 | Z34: ='pivot sheet'!G77 -> 6242
T35: ='pivot sheet'!A78 -> C0013 | U35: ='pivot sheet'!B78 -> 1255 | V35: ='pivot sheet'!C78 -> 516 | W35: ='pivot sheet'!D78 -> 1874 | X35: ='pivot sheet'!E78 -> 1863 | Y35: ='pivot sheet'!F78 -> 1722 | Z35: ='pivot sheet'!G78 -> 7230
T36: ='pivot sheet'!A79 -> C0015 | U36: ='pivot sheet'!B79 -> 1138 | V36: ='pivot sheet'!C79 -> 1898 | W36: ='pivot sheet'!D79 -> 1482 | X36: ='pivot sheet'!E79 -> 846 | Y36: ='pivot sheet'!F79 -> 1154 | Z36: ='pivot sheet'!G79 -> 6518
T37: ='pivot sheet'!A80 -> Columbus
T38: ='pivot sheet'!A81 -> C0001 | U38: ='pivot sheet'!B81 -> 1655 | V38: ='pivot sheet'!C81 -> 805 | W38: ='pivot sheet'!D81 -> 2263 | X38: ='pivot sheet'!E81 -> 987 | Y38: ='pivot sheet'!F81 -> 1075 | Z38: ='pivot sheet'!G81 -> 6785
T39: ='pivot sheet'!A82 -> C0005 | U39: ='pivot sheet'!B82 -> 1104 | V39: ='pivot sheet'!C82 -> 2280 | W39: ='pivot sheet'!D82 -> 1445 | X39: ='pivot sheet'!E82 -> 1722 | Y39: ='pivot sheet'!F82 -> 1196 | Z39: ='pivot sheet'!G82 -> 7747
T40: ='pivot sheet'!A83 -> C0006 | U40: ='pivot sheet'!B83 -> 372 | V40: ='pivot sheet'!C83 -> 1818 | W40: ='pivot sheet'!D83 -> 1346 | X40: ='pivot sheet'!E83 -> 1156 | Y40: ='pivot sheet'!F83 -> 1484 | Z40: ='pivot sheet'!G83 -> 6176
T41: ='pivot sheet'!A84 -> C0009 | U41: ='pivot sheet'!B84 -> 1415 | V41: ='pivot sheet'!C84 -> 1271 | W41: ='pivot sheet'!D84 -> 1214 | X41: ='pivot sheet'!E84 -> 1135 | Y41: ='pivot sheet'!F84 -> 1566 | Z41: ='pivot sheet'!G84 -> 6601
T42: ='pivot sheet'!A85 -> C0014 | U42: ='pivot sheet'!B85 -> 1362 | V42: ='pivot sheet'!C85 -> 1363 | W42: ='pivot sheet'!D85 -> 1152 | X42: ='pivot sheet'!E85 -> 777 | Y42: ='pivot sheet'!F85 -> 750 | Z42: ='pivot sheet'!G85 -> 5404

Sheet Data
B1: Call Centre Data
B3: Call number | C3: Customer ID | D3: Duration | E3: Representative | F3: Date of Call | G3: Purchase Amount | H3: Satisfaction Rating | I3: FY | J3: Day of week | K3: Duration Bucket | L3: Rating rounded | Q3: Customer ID | R3: Gedner | S3: Age | T3: City
B4: Call_7271 | C4: C0003 | D4: 116 | E4: R05 | F4: 44927 | G4: 128 | H4: 4.9 | I4: =IF(MONTH(calls[[#This Row],[Date of Call]])<=6, YEAR(calls[[#This Row],[Date of Call]]), YEAR(calls[[#This Row],[Date of Call]])+1) -> 2023 | J4: =TEXT(calls[[#This Row],[Date of Call]],"DDDD") -> Sunday | K4: {=_xlfn.IFS(calls[[#This Row],[Duration]]<=10,"Under 10 mins", calls[[#This Row],[Duration]]<=30, "10 to 30 mins", calls[[#This Row],[Duration]]<=60, "30 to 60 mins", calls[[#This Row],[Duration]]<=120, "1 to 2 hours", TRUE, "More than 2 hours")} -> 1 to 2 hours | L4: =ROUND(calls[[#This Row],[Satisfaction Rating]],0) -> 5 | Q4: C0001 | R4: Male | S4: 41 | T4: Columbus
B5: Call_7272 | C5: C0004 | D5: 119 | E5: R05 | F5: 44927 | G5: 135 | H5: 2.9 | I5: =IF(MONTH(calls[[#This Row],[Date of Call]])<=6, YEAR(calls[[#This Row],[Date of Call]]), YEAR(calls[[#This Row],[Date of Call]])+1) -> 2023 | J5: =TEXT(calls[[#This Row],[Date of Call]],"DDDD") -> Sunday | K5: {=_xlfn.IFS(calls[[#This Row],[Duration]]<=10,"Under 10 mins", calls[[#This Row],[Duration]]<=30, "10 to 30 mins", calls[[#This Row],[Duration]]<=60, "30 to 60 mins", calls[[#This Row],[Duration]]<=120, "1 to 2 hours", TRUE, "More than 2 hours")} -> 1 to 2 hours | L5: =ROUND(calls[[#This Row],[Satisfaction Rating]],0) -> 3 | Q5: C0002 | R5: Male | S5: 31 | T5: Cleveland
B6: Call_7273 | C6: C0005 | D6: 68 | E6: R02 | F6: 44927 | G6: 66 | H6: 4.7 | I6: =IF(MONTH(calls[[#This Row],[Date of Call]])<=6, YEAR(calls[[#This Row],[Date of Call]]), YEAR(calls[[#This Row],[Date of Call]])+1) -> 2023 | J6: =TEXT(calls[[#This Row],[Date of Call]],"DDDD") -> Sunday | K6: {=_xlfn.IFS(calls[[#This Row],[Duration]]<=10,"Under 10 mins", calls[[#This Row],[Duration]]<=30, "10 to 30 mins", calls[[#This Row],[Duration]]<=60, "30 to 60 mins", calls[[#This Row],[Duration]]<=120, "1 to 2 hours", TRUE, "More than 2 hours")} -> 1 to 2 hours | L6: =ROUND(calls[[#This Row],[Satisfaction Rating]],0) -> 5 | Q6: C0003 | R6: Male | S6: 26 | T6: Cincinnati
B7: Call_7274 | C7: C0014 | D7: 119 | E7: R02 | F7: 44927 | G7: 22 | H7: 2.9 | I7: =IF(MONTH(calls[[#This Row],[Date of Call]])<=6, YEAR(calls[[#This Row],[Date of Call]]), YEAR(calls[[#This Row],[Date of Call]])+1) -> 2023 | J7: =TEXT(calls[[#This Row],[Date of Call]],"DDDD") -> Sunday | K7: {=_xlfn.IFS(calls[[#This Row],[Duration]]<=10,"Under 10 mins", calls[[#This Row],[Duration]]<=30, "10 to 30 mins", calls[[#This Row],[Duration]]<=60, "30 to 60 mins", calls[[#This Row],[Duration]]<=120, "1 to 2 hours", TRUE, "More than 2 hours")} -> 1 to 2 hours | L7: =ROUND(calls[[#This Row],[Satisfaction Rating]],0) -> 3 | Q7: C0004 | R7: Male | S7: 36 | T7: Cincinnati
B8: Call_7275 | C8: C0011 | D8: 128 | E8: R01 | F8: 44928 | G8: 31 | H8: 2.8 | I8: =IF(MONTH(calls[[#This Row],[Date of Call]])<=6, YEAR(calls[[#This Row],[Date of Call]]), YEAR(calls[[#This Row],[Date of Call]])+1) -> 2023 | J8: =TEXT(calls[[#This Row],[Date of Call]],"DDDD") -> Monday | K8: {=_xlfn.IFS(calls[[#This Row],[Duration]]<=10,"Under 10 mins", calls[[#This Row],[Duration]]<=30, "10 to 30 mins", calls[[#This Row],[Duration]]<=60, "30 to 60 mins", calls[[#This Row],[Duration]]<=120, "1 to 2 hours", TRUE, "More than 2 hours")} -> More than 2 hours | L8: =ROUND(calls[[#This Row],[Satisfaction Rating]],0) -> 3 | Q8: C0005 | R8: Male | S8: 37 | T8: Columbus
B9: Call_7276 | C9: C0011 | D9: 49 | E9: R02 | F9: 44929 | G9: 135 | H9: 4.8 | I9: =IF(MONTH(calls[[#This Row],[Date of Call]])<=6, YEAR(calls[[#This Row],[Date of Call]]), YEAR(calls[[#This Row],[Date of Call]])+1) -> 2023 | J9: =TEXT(calls[[#This Row],[Date of Call]],"DDDD") -> Tuesday | K9: {=_xlfn.IFS(calls[[#This Row],[Duration]]<=10,"Under 10 mins", calls[[#This Row],[Duration]]<=30, "10 to 30 mins", calls[[#This Row],[Duration]]<=60, "30 to 60 mins", calls[[#This Row],[Duration]]<=120, "1 to 2 hours", TRUE, "More than 2 hours")} -> 30 to 60 mins | L9: =ROUND(calls[[#This Row],[Satisfaction Rating]],0) -> 5 | Q9: C0006 | R9: Male | S9: 23 | T9: Columbus
B10: Call_7277 | C10: C0007 | D10: 84 | E10: R05 | F10: 44929 | G10: 60 | H10: 4.7 | I10: =IF(MONTH(calls[[#This Row],[Date of Call]])<=6, YEAR(calls[[#This Row],[Date of Call]]), YEAR(calls[[#This Row],[Date of Call]])+1) -> 2023 | J10: =TEXT(calls[[#This Row],[Date of Call]],"DDDD") -> Tuesday | K10: {=_xlfn.IFS(calls[[#This Row],[Duration]]<=10,"Under 10 mins", calls[[#This Row],[Duration]]<=30, "10 to 30 mins", calls[[#This Row],[Duration]]<=60, "30 to 60 mins", calls[[#This Row],[Duration]]<=120, "1 to 2 hours", TRUE, "More than 2 hours")} -> 1 to 2 hours | L10: =ROUND(calls[[#This Row],[Satisfaction Rating]],0) -> 5 | Q10: C0007 | R10: Female | S10: 22 | T10: Cleveland
B11: Call_7278 | C11: C0003 | D11: 103 | E11: R04 | F11: 44929 | G11: 148 | H11: 4.4 | I11: =IF(MONTH(calls[[#This Row],[Date of Call]])<=6, YEAR(calls[[#This Row],[Date of Call]]), YEAR(calls[[#This Row],[Date of Call]])+1) -> 2023 | J11: =TEXT(calls[[#This Row],[Date of Call]],"DDDD") -> Tuesday | K11: {=_xlfn.IFS(calls[[#This Row],[Duration]]<=10,"Under 10 mins", calls[[#This Row],[Duration]]<=30, "10 to 30 mins", calls[[#This Row],[Duration]]<=60, "30 to 60 mins", calls[[#This Row],[Duration]]<=120, "1 to 2 hours", TRUE, "More than 2 hours")} -> 1 to 2 hours | L11: =ROUND(calls[[#This Row],[Satisfaction Rating]],0) -> 4 | Q11: C0008 | R11: Female | S11: 42 | T11: Cleveland
B12: Call_7279 | C12: C0005 | D12: 31 | E12: R02 | F12: 44929 | G12: 135 | H12: 3.6 | I12: =IF(MONTH(calls[[#This Row],[Date of Call]])<=6, YEAR(calls[[#This Row],[Date of Call]]), YEAR(calls[[#This Row],[Date of Call]])+1) -> 2023 | J12: =TEXT(calls[[#This Row],[Date of Call]],"DDDD") -> Tuesday | K12: {=_xlfn.IFS(calls[[#This Row],[Duration]]<=10,"Under 10 mins", calls[[#This Row],[Duration]]<=30, "10 to 30 mins", calls[[#This Row],[Duration]]<=60, "30 to 60 mins", calls[[#This Row],[Duration]]<=120, "1 to 2 hours", TRUE, "More than 2 hours")} -> 30 to 60 mins | L12: =ROUND(calls[[#This Row],[Satisfaction Rating]],0) -> 4 | Q12: C0009 | R12: Female | S12: 25 | T12: Columbus
B13: Call_7280 | C13: C0010 | D13: 44 | E13: R03 | F13: 44929 | G13: 105 | H13: 2.9 | I13: =IF(MONTH(calls[[#This Row],[Date of Call]])<=6, YEAR(calls[[#This Row],[Date of Call]]), YEAR(calls[[#This Row],[Date of Call]])+1) -> 2023 | J13: =TEXT(calls[[#This Row],[Date of Call]],"DDDD") -> Tuesday | K13: {=_xlfn.IFS(calls[[#This Row],[Duration]]<=10,"Under 10 mins", calls[[#This Row],[Duration]]<=30, "10 to 30 mins", calls[[#This Row],[Duration]]<=60, "30 to 60 mins", calls[[#This Row],[Duration]]<=120, "1 to 2 hours", TRUE, "More than 2 hours")} -> 30 to 60 mins | L13: =ROUND(calls[[#This Row],[Satisfaction Rating]],0) -> 3 | Q13: C0010 | R13: Female | S13: 30 | T13: Cleveland
B14: Call_7281 | C14: C0011 | D14: 102 | E14: R02 | F14: 44929 | G14: 69 | H14: 4.9 | I14: =IF(MONTH(calls[[#This Row],[Date of Call]])<=6, YEAR(calls[[#This Row],[Date of Call]]), YEAR(calls[[#This Row],[Date of Call]])+1) -> 2023 | J14: =TEXT(calls[[#This Row],[Date of Call]],"DDDD") -> Tuesday | K14: {=_xlfn.IFS(calls[[#This Row],[Duration]]<=10,"Under 10 mins", calls[[#This Row],[Duration]]<=30, "10 to 30 mins", calls[[#This Row],[Duration]]<=60, "30 to 60 mins", calls[[#This Row],[Duration]]<=120, "1 to 2 hours", TRUE, "More than 2 hours")} -> 1 to 2 hours | L14: =ROUND(calls[[#This Row],[Satisfaction Rating]],0) -> 5 | Q14: C0011 | R14: Female | S14: 30 | T14: Cincinnati
B15: Call_7282 | C15: C0013 | D15: 135 | E15: R05 | F15: 44929 | G15: 46 | H15: 3.4 | I15: =IF(MONTH(calls[[#This Row],[Date of Call]])<=6, YEAR(calls[[#This Row],[Date of Call]]), YEAR(calls[[#This Row],[Date of Call]])+1) -> 2023 | J15: =TEXT(calls[[#This Row],[Date of Call]],"DDDD") -> Tuesday | K15: {=_xlfn.IFS(calls[[#This Row],[Duration]]<=10,"Under 10 mins", calls[[#This Row],[Duration]]<=30, "10 to 30 mins", calls[[#This Row],[Duration]]<=60, "30 to 60 mins", calls[[#This Row],[Duration]]<=120, "1 to 2 hours", TRUE, "More than 2 hours")} -> More than 2 hours | L15: =ROUND(calls[[#This Row],[Satisfaction Rating]],0) -> 3 | Q15: C0012 | R15: Female | S15: 28 | T15: Cincinnati
... B18: Call_7285 | C18: C0013 | D18: 48 | E18: R01 | F18: 44930 | G18: 68 | H18: 4.9 | I18: =IF(MONTH(calls[[#This Row],[Date of Call]])<=6, YEAR(calls[[#This Row],[Date of Call]]), YEAR(calls[[#This Row],[Date of Call]])+1) -> 2023 | J18: =TEXT(calls[[#This Row],[Date of Call]],"DDDD") -> Wednesday | K18: {=_xlfn.IFS(calls[[#This Row],[Duration]]<=10,"Under 10 mins", calls[[#This Row],[Duration]]<=30, "10 to 30 mins", calls[[#This Row],[Duration]]<=60, "30 to 60 mins", calls[[#This Row],[Duration]]<=120, "1 to 2 hours", TRUE, "More than 2 hours")} -> 30 to 60 mins | L18: =ROUND(calls[[#This Row],[Satisfaction Rating]],0) -> 5 | Q18: C0015 | R18: Female | S18: 43 | T18: Cleveland
B19: Call_7286 | C19: C0010 | D19: 176 | E19: R05 | F19: 44931 | G19: 24 | H19: 4.8 | I19: =IF(MONTH(calls[[#This Row],[Date of Call]])<=6, YEAR(calls[[#This Row],[Date of Call]]), YEAR(calls[[#This Row],[Date of Call]])+1) -> 2023 | J19: =TEXT(calls[[#This Row],[Date of Call]],"DDDD") -> Thursday | K19: {=_xlfn.IFS(calls[[#This Row],[Duration]]<=10,"Under 10 mins", calls[[#This Row],[Duration]]<=30, "10 to 30 mins", calls[[#This Row],[Duration]]<=60, "30 to 60 mins", calls[[#This Row],[Duration]]<=120, "1 to 2 hours", TRUE, "More than 2 hours")} -> More than 2 hours | L19: =ROUND(calls[[#This Row],[Satisfaction Rating]],0) -> 5
B20: Call_7287 | C20: C0010 | D20: 99 | E20: R01 | F20: 44931 | G20: 195 | H20: 3.9 | I20: =IF(MONTH(calls[[#This Row],[Date of Call]])<=6, YEAR(calls[[#This Row],[Date of Call]]), YEAR(calls[[#This Row],[Date of Call]])+1) -> 2023 | J20: =TEXT(calls[[#This Row],[Date of Call]],"DDDD") -> Thursday | K20: {=_xlfn.IFS(calls[[#This Row],[Duration]]<=10,"Under 10 mins", calls[[#This Row],[Duration]]<=30, "10 to 30 mins", calls[[#This Row],[Duration]]<=60, "30 to 60 mins", calls[[#This Row],[Duration]]<=120, "1 to 2 hours", TRUE, "More than 2 hours")} -> 1 to 2 hours | L20: =ROUND(calls[[#This Row],[Satisfaction Rating]],0) -> 4
B21: Call_7288 | C21: C0009 | D21: 28 | E21: R03 | F21: 44931 | G21: 28 | H21: 3.8 | I21: =IF(MONTH(calls[[#This Row],[Date of Call]])<=6, YEAR(calls[[#This Row],[Date of Call]]), YEAR(calls[[#This Row],[Date of Call]])+1) -> 2023 | J21: =TEXT(calls[[#This Row],[Date of Call]],"DDDD") -> Thursday | K21: {=_xlfn.IFS(calls[[#This Row],[Duration]]<=10,"Under 10 mins", calls[[#This Row],[Duration]]<=30, "10 to 30 mins", calls[[#This Row],[Duration]]<=60, "30 to 60 mins", calls[[#This Row],[Duration]]<=120, "1 to 2 hours", TRUE, "More than 2 hours")} -> 10 to 30 mins | L21: =ROUND(calls[[#This Row],[Satisfaction Rating]],0) -> 4
B22: Call_7289 | C22: C0007 | D22: 54 | E22: R02 | F22: 44931 | G22: 170 | H22: 4.3 | I22: =IF(MONTH(calls[[#This Row],[Date of Call]])<=6, YEAR(calls[[#This Row],[Date of Call]]), YEAR(calls[[#This Row],[Date of Call]])+1) -> 2023 | J22: =TEXT(calls[[#This Row],[Date of Call]],"DDDD") -> Thursday | K22: {=_xlfn.IFS(calls[[#This Row],[Duration]]<=10,"Under 10 mins", calls[[#This Row],[Duration]]<=30, "10 to 30 mins", calls[[#This Row],[Duration]]<=60, "30 to 60 mins", calls[[#This Row],[Duration]]<=120, "1 to 2 hours", TRUE, "More than 2 hours")} -> 30 to 60 mins | L22: =ROUND(calls[[#This Row],[Satisfaction Rating]],0) -> 4
B23: Call_7290 | C23: C0006 | D23: 48 | E23: R05 | F23: 44932 | G23: 30 | H23: 4.4 | I23: =IF(MONTH(calls[[#This Row],[Date of Call]])<=6, YEAR(calls[[#This Row],[Date of Call]]), YEAR(calls[[#This Row],[Date of Call]])+1) -> 2023 | J23: =TEXT(calls[[#This Row],[Date of Call]],"DDDD") -> Friday | K23: {=_xlfn.IFS(calls[[#This Row],[Duration]]<=10,"Under 10 mins", calls[[#This Row],[Duration]]<=30, "10 to 30 mins", calls[[#This Row],[Duration]]<=60, "30 to 60 mins", calls[[#This Row],[Duration]]<=120, "1 to 2 hours", TRUE, "More than 2 hours")} -> 30 to 60 mins | L23: =ROUND(calls[[#This Row],[Satisfaction Rating]],0) -> 4
B24: Call_7291 | C24: C0004 | D24: 128 | E24: R05 | F24: 44932 | G24: 72 | H24: 5 | I24: =IF(MONTH(calls[[#This Row],[Date of Call]])<=6, YEAR(calls[[#This Row],[Date of Call]]), YEAR(calls[[#This Row],[Date of Call]])+1) -> 2023 | J24: =TEXT(calls[[#This Row],[Date of Call]],"DDDD") -> Friday | K24: {=_xlfn.IFS(calls[[#This Row],[Duration]]<=10,"Under 10 mins", calls[[#This Row],[Duration]]<=30, "10 to 30 mins", calls[[#This Row],[Duration]]<=60, "30 to 60 mins", calls[[#This Row],[Duration]]<=120, "1 to 2 hours", TRUE, "More than 2 hours")} -> More than 2 hours | L24: =ROUND(calls[[#This Row],[Satisfaction Rating]],0) -> 5
B25: Call_7292 | C25: C0004 | D25: 38 | E25: R04 | F25: 44933 | G25: 92 | H25: 4.9 | I25: =IF(MONTH(calls[[#This Row],[Date of Call]])<=6, YEAR(calls[[#This Row],[Date of Call]]), YEAR(calls[[#This Row],[Date of Call]])+1) -> 2023 | J25: =TEXT(calls[[#This Row],[Date of Call]],"DDDD") -> Saturday | K25: {=_xlfn.IFS(calls[[#This Row],[Duration]]<=10,"Under 10 mins", calls[[#This Row],[Duration]]<=30, "10 to 30 mins", calls[[#This Row],[Duration]]<=60, "30 to 60 mins", calls[[#This Row],[Duration]]<=120, "1 to 2 hours", TRUE, "More than 2 hours")} -> 30 to 60 mins | L25: =ROUND(calls[[#This Row],[Satisfaction Rating]],0) -> 5
B26: Call_7293 | C26: C0003 | D26: 67 | E26: R04 | F26: 44934 | G26: 165 | H26: 4.5 | I26: =IF(MONTH(calls[[#This Row],[Date of Call]])<=6, YEAR(calls[[#This Row],[Date of Call]]), YEAR(calls[[#This Row],[Date of Call]])+1) -> 2023 | J26: =TEXT(calls[[#This Row],[Date of Call]],"DDDD") -> Sunday | K26: {=_xlfn.IFS(calls[[#This Row],[Duration]]<=10,"Under 10 mins", calls[[#This Row],[Duration]]<=30, "10 to 30 mins", calls[[#This Row],[Duration]]<=60, "30 to 60 mins", calls[[#This Row],[Duration]]<=120, "1 to 2 hours", TRUE, "More than 2 hours")} -> 1 to 2 hours | L26: =ROUND(calls[[#This Row],[Satisfaction Rating]],0) -> 5
B27: Call_7294 | C27: C0015 | D27: 58 | E27: R02 | F27: 44934 | G27: 140 | H27: 2.1 | I27: =IF(MONTH(calls[[#This Row],[Date of Call]])<=6, YEAR(calls[[#This Row],[Date of Call]]), YEAR(calls[[#This Row],[Date of Call]])+1) -> 2023 | J27: =TEXT(calls[[#This Row],[Date of Call]],"DDDD") -> Sunday | K27: {=_xlfn.IFS(calls[[#This Row],[Duration]]<=10,"Under 10 mins", calls[[#This Row],[Duration]]<=30, "10 to 30 mins", calls[[#This Row],[Duration]]<=60, "30 to 60 mins", calls[[#This Row],[Duration]]<=120, "1 to 2 hours", TRUE, "More than 2 hours")} -> 30 to 60 mins | L27: =ROUND(calls[[#This Row],[Satisfaction Rating]],0) -> 2
B28: Call_7295 | C28: C0010 | D28: 54 | E28: R01 | F28: 44934 | G28: 111 | H28: 3.3 | I28: =IF(MONTH(calls[[#This Row],[Date of Call]])<=6, YEAR(calls[[#This Row],[Date of Call]]), YEAR(calls[[#This Row],[Date of Call]])+1) -> 2023 | J28: =TEXT(calls[[#This Row],[Date of Call]],"DDDD") -> Sunday | K28: {=_xlfn.IFS(calls[[#This Row],[Duration]]<=10,"Under 10 mins", calls[[#This Row],[Duration]]<=30, "10 to 30 mins", calls[[#This Row],[Duration]]<=60, "30 to 60 mins", calls[[#This Row],[Duration]]<=120, "1 to 2 hours", TRUE, "More than 2 hours")} -> 30 to 60 mins | L28: =ROUND(calls[[#This Row],[Satisfaction Rating]],0) -> 3
B29: Call_7296 | C29: C0012 | D29: 28 | E29: R05 | F29: 44935 | G29: 63 | H29: 4.1 | I29: =IF(MONTH(calls[[#This Row],[Date of Call]])<=6, YEAR(calls[[#This Row],[Date of Call]]), YEAR(calls[[#This Row],[Date of Call]])+1) -> 2023 | J29: =TEXT(calls[[#This Row],[Date of Call]],"DDDD") -> Monday | K29: {=_xlfn.IFS(calls[[#This Row],[Duration]]<=10,"Under 10 mins", calls[[#This Row],[Duration]]<=30, "10 to 30 mins", calls[[#This Row],[Duration]]<=60, "30 to 60 mins", calls[[#This Row],[Duration]]<=120, "1 to 2 hours", TRUE, "More than 2 hours")} -> 10 to 30 mins | L29: =ROUND(calls[[#This Row],[Satisfaction Rating]],0) -> 4
B30: Call_7297 | C30: C0002 | D30: 73 | E30: R05 | F30: 44935 | G30: 80 | H30: 4.2 | I30: =IF(MONTH(calls[[#This Row],[Date of Call]])<=6, YEAR(calls[[#This Row],[Date of Call]]), YEAR(calls[[#This Row],[Date of Call]])+1) -> 2023 | J30: =TEXT(calls[[#This Row],[Date of Call]],"DDDD") -> Monday | K30: {=_xlfn.IFS(calls[[#This Row],[Duration]]<=10,"Under 10 mins", calls[[#This Row],[Duration]]<=30, "10 to 30 mins", calls[[#This Row],[Duration]]<=60, "30 to 60 mins", calls[[#This Row],[Duration]]<=120, "1 to 2 hours", TRUE, "More than 2 hours")} -> 1 to 2 hours | L30: =ROUND(calls[[#This Row],[Satisfaction Rating]],0) -> 4
... B1003: Call_8270 | C1003: C0009 | D1003: 114 | E1003: R01 | F1003: 45291 | G1003: 40 | H1003: 3.9 | I1003: =IF(MONTH(calls[[#This Row],[Date of Call]])<=6, YEAR(calls[[#This Row],[Date of Call]]), YEAR(calls[[#This Row],[Date of Call]])+1) -> 2024 | J1003: =TEXT(calls[[#This Row],[Date of Call]],"DDDD") -> Sunday | K1003: {=_xlfn.IFS(calls[[#This Row],[Duration]]<=10,"Under 10 mins", calls[[#This Row],[Duration]]<=30, "10 to 30 mins", calls[[#This Row],[Duration]]<=60, "30 to 60 mins", calls[[#This Row],[Duration]]<=120, "1 to 2 hours", TRUE, "More than 2 hours")} -> 1 to 2 hours | L1003: =ROUND(calls[[#This Row],[Satisfaction Rating]],0) -> 4
